产品线,n,play_median,play_mean,play_p90,interact_mean,interact_median,like_rate,fav_rate,dm_rate,creators
猫砂盆,560,1963,14930,20475,0.0173,0.0098,0.0109,0.0064,1.38,325
饮水机,255,3374,51268,68553,0.0207,0.014,0.0155,0.0052,2.88,176
喂食器,224,2923,22723,64240,0.0271,0.015,0.0191,0.008,4.67,192
烘干箱,139,1710,13001,26212,0.0217,0.0125,0.0153,0.0065,1.65,103
其他硬件,86,1231,40052,66293,0.0235,0.0118,0.0147,0.0088,0.96,70
净化器,56,9308,39987,137399,0.0248,0.0138,0.0169,0.0079,1.25,48
摄像头,39,9722,141216,101389,0.0294,0.0166,0.0215,0.0078,1.95,38
鱼缸,11,26586,56602,101854,0.0175,0.0121,0.0111,0.0064,1.11,9
其他/泛宠物,7,4183,9138,24385,0.0171,0.0151,0.012,0.0051,0.47,6
