痛点,内容数,播放中位数,互动率,收藏率,创作者数,涉及产品线,标签层分布
健康监测/泌尿,163,2146,0.0292,0.0085,99,"{""饮水机"": 13, ""喂食器"": 3, ""其他/泛宠物"": 132, ""猫砂盆"": 13, ""摄像头"": 1, ""净化器"": 1}","{""A"": 28, ""C"": 88, ""B"": 47}"
异味/除臭,160,1131,0.0198,0.0063,127,"{""猫砂盆"": 110, ""其他/泛宠物"": 41, ""烘干箱"": 1, ""净化器"": 8}","{""A"": 86, ""B"": 47, ""C"": 27}"
价格/性价比,145,6476,0.028,0.0102,121,"{""猫砂盆"": 38, ""净化器"": 8, ""饮水机"": 18, ""烘干箱"": 16, ""喂食器"": 12, ""其他/泛宠物"": 53}","{""A"": 81, ""B"": 55, ""C"": 9}"
猫毛/掉毛,141,4530,0.0262,0.0079,120,"{""净化器"": 30, ""饮水机"": 3, ""猫砂盆"": 3, ""烘干箱"": 3, ""其他/泛宠物"": 102}","{""A"": 40, ""C"": 36, ""B"": 65}"
上班族/无人值守,129,496,0.0286,0.006,101,"{""猫砂盆"": 8, ""喂食器"": 11, ""饮水机"": 4, ""其他/泛宠物"": 106}","{""A"": 21, ""B"": 15, ""C"": 93}"
清洁/维护麻烦,116,1729,0.0176,0.0075,84,"{""猫砂盆"": 54, ""饮水机"": 16, ""烘干箱"": 5, ""其他/泛宠物"": 33, ""喂食器"": 8}","{""A"": 76, ""B"": 32, ""C"": 8}"
多猫/大猫适配,94,1416,0.0308,0.0061,74,"{""猫砂盆"": 39, ""其他/泛宠物"": 33, ""饮水机"": 7, ""喂食器"": 9, ""烘干箱"": 3, ""净化器"": 3}","{""A"": 51, ""C"": 23, ""B"": 20}"
智能互联/APP,90,2284,0.0272,0.0115,77,"{""猫砂盆"": 17, ""饮水机"": 10, ""喂食器"": 23, ""其他/泛宠物"": 33, ""摄像头"": 5, ""鱼缸"": 1, ""烘干箱"": 1}","{""A"": 72, ""C"": 14, ""B"": 4}"
耗材/长期成本,64,4886,0.0249,0.0112,50,"{""猫砂盆"": 14, ""饮水机"": 16, ""其他/泛宠物"": 20, ""烘干箱"": 5, ""喂食器"": 3, ""净化器"": 6}","{""A"": 41, ""B"": 22, ""C"": 1}"
故障/安全风险,59,4719,0.0247,0.0069,54,"{""猫砂盆"": 25, ""饮水机"": 5, ""其他/泛宠物"": 24, ""喂食器"": 1, ""摄像头"": 3, ""净化器"": 1}","{""A"": 37, ""B"": 11, ""C"": 11}"
噪音,33,1708,0.0312,0.0149,21,"{""饮水机"": 14, ""烘干箱"": 4, ""其他/泛宠物"": 13, ""喂食器"": 1, ""猫砂盆"": 1}","{""A"": 22, ""B"": 7, ""C"": 4}"
猫咪不接受,19,6482,0.0408,0.0079,17,"{""猫砂盆"": 5, ""饮水机"": 1, ""烘干箱"": 3, ""其他/泛宠物"": 10}","{""A"": 7, ""C"": 12}"
