keyword,n,play_median,interact_mean,fav_rate
智能猫砂盆,132,6011,0.029,0.0131
宠物饮水机,105,6943,0.0225,0.0063
养猫神器,104,22440,0.0346,0.0136
CATLINK,100,1784,0.0123,0.0065
养狗神器,98,2960,0.0262,0.0081
自动喂食器,96,9217,0.0345,0.009
宠物加热垫,88,8033,0.0278,0.0103
宠物烘干箱,85,4224,0.0251,0.008
猫砂盆推荐,83,1637,0.0179,0.0064
猫咪饮水机,82,12911,0.0307,0.0077
宠物喂食器,78,3737,0.0297,0.0101
猫砂盆测评,77,1540,0.0167,0.0048
智能猫窝,75,1141,0.0354,0.0097
自动猫砂盆,69,5699,0.0203,0.0053
宠物自动厕所,61,3883,0.0185,0.0058
PETKIT,59,722,0.0114,0.0058
猫砂盆异味,56,1624,0.0261,0.0101
自动铲屎机,54,2106,0.017,0.0041
猫砂盆怎么选,54,5515,0.0227,0.0072
霍曼宠物,53,429,0.0188,0.0042
猫泌尿,46,1190,0.0207,0.0037
小佩宠物,45,6492,0.0134,0.0051
小佩猫砂盆,45,811,0.0173,0.0056
catlink猫砂盆,44,1130,0.0097,0.0034
宠物烘干机,42,4616,0.0252,0.0076
猫毛满天飞,40,2221,0.0158,0.0049
宠物智能,38,3580,0.0324,0.0117
宠物摄像头,37,8816,0.0204,0.0062
宠物饮水机测评,37,868,0.0179,0.0041
宠物智能品牌,31,918,0.0228,0.0067
小米宠物,20,26085,0.0202,0.0085
猫咪不喝水,14,1070,0.018,0.0036
上班族养猫,13,333,0.0243,0.0061
宠物拆家,5,1899,0.0467,0.0029
出差喂猫,3,278,0.0373,0.002
