品牌,来源,n,play_median,play_mean,play_p90,interact_mean,interact_median,like_rate,fav_rate,dm_rate,creators
小佩,官方,78,10874,37701,125582,0.0083,0.0055,0.0028,0.0055,0.02,2
小佩,达人/用户,223,1370,7535,16610,0.0156,0.0081,0.0113,0.0043,5.18,158
CATLINK,官方,74,3760,4437,8342,0.0083,0.0062,0.0024,0.0059,0.05,1
CATLINK,达人/用户,107,850,5962,13223,0.0146,0.0093,0.0105,0.004,1.81,89
霍曼,官方,2,1627,1627,2647,0.015,0.015,0.004,0.011,0.0,1
霍曼,达人/用户,135,1596,6819,14982,0.0216,0.0112,0.016,0.0056,7.52,91
小米,达人/用户,105,5151,42868,83338,0.0227,0.0129,0.0164,0.0063,7.48,91
糯雪,达人/用户,38,2585,10353,32539,0.0154,0.009,0.0114,0.004,2.58,25
鸟语花香,达人/用户,31,5029,13209,44207,0.017,0.0113,0.0115,0.0055,2.11,19
美的,达人/用户,16,10804,45063,110786,0.0175,0.014,0.0094,0.0081,2.11,15
有陪,达人/用户,7,4217,6121,13249,0.0121,0.0077,0.009,0.0031,0.47,7
猫洁易,达人/用户,2,27789,27789,47577,0.0235,0.0235,0.0198,0.0037,2.75,2
