抽样组,编号,标题,标签,人工一轮,人工二轮,final_label,agg_label,大模型原始判定,规则判定,错误类型,是否二轮改判
随机(度量用),4,【机皇榜】2025双11&amp;国补空气净化器推荐TOP10榜单，2k到6k + 全价位推荐， 美的/树新风 /小米等各大品牌优选型号推荐！,"避坑指南,美的宠物空气净化器,选购攻略,352,家电,装修,双十一,空气净化器,国补,家装",A,,B,A,B,A,B 假阳性（A 被判成耗材/非智能用品）,
随机(度量用),8,给猫咪买的饮水机已沦为玩具，猫:自己的洗脚水，自己喝！,"萌宠vlog,猫片,宠物猫,曼基康,萌宠奥斯卡,猫",C,C,A,A,A,C,A 假阳性（非硬件主体被判成 A）,
随机(度量用),29,小猫我呀，被这盆水硬控了一整天,"宠物自动饮水机,宠物喂水器,萌宠好物,新手养猫,猫咪喝水,小奶猫,喵星人",A,A,C,C,C,A,C 假阳性（A 被判成用户语境）,
随机(度量用),31,猫咪成立喷壶组合摧毁家中地板，铲屎官巧手改造饮水机：我太难了,"萌宠变形大赛,宠物,喵星人,萌宠吃播,卖萌,铲屎官,动物圈,萌宠,猫,萌宠vlog",A,A,C,C,C,C,C 假阳性（A 被判成用户语境）,
随机(度量用),45,360°，全面无死角消除猫毛，解决养猫家庭的痛点,"科学养宠,养宠知识,猫片,云吸猫,萌萌哒,萌宠星探官",A,C,B,C,B,C,B 假阳性（C 被判成耗材/非智能用品）,是
随机(度量用),81,入行宠物自媒体一个月，被huo曼诈骗了？？？,"自动猫砂盆,反诈,霍曼,吃瓜,铲屎官,骗子,猫咪",C,N,A,A,A,A,A 假阳性（非硬件主体被判成 A）,是
随机(度量用),82,沙豹防犬实测小区遇到恶犬最好的遛狗装备,"婴儿保护,沙豹喷雾,辣椒水,小区,恶犬,防狼喷雾,遛狗,催泪瓦斯",N,N,B,B,B,C,B 假阳性（N 被判成耗材/非智能用品）,
随机(度量用),86,平替泌尿道处方粮猫咪尿闭 公猫尿闭 皇家猫粮,"动物总动员,喵星人,猫粮,养猫,动物总动员7.0-养宠的快乐瞬间",C,C,B,B,B,C,B 假阳性（C 被判成耗材/非智能用品）,
随机(度量用),93,100+自制手摇猫砂盆2.0，再也不用铲屎啦！,"创意,详细教程,铲屎,家居整活大赏,喵星人,猫砂盆,萌宠好物,猫砂,手工,diy",B,B,A,A,A,A,A 假阳性（非硬件主体被判成 A）,
随机(度量用),112,澳龙的这个嘘呗冬瓜鸡肉汤罐，一大罐170g，给猫猫骗水真的太合适了,"生活记录,猫咪,喵星人,汤罐,宠物吃播,湿粮,新手养猫,澳龙,养猫,泌尿",C,C,B,C,B,C,B 假阳性（C 被判成耗材/非智能用品）,
随机(度量用),150,猫咪解闷神器！亲测猫咪超爱的有声纯享鼠片 给猫看的视频 全自动逗猫 解放铲屎官双手 养猫好物 cat tv,"动物观察局24.0 小动物变装派对！,养猫,动物观察局,铲屎官,狗,逗猫,宠物,喵星人,英短,萌宠,奶猫",C,C,B,C,B,C,B 假阳性（C 被判成耗材/非智能用品）,
随机(度量用),158,小猫活了一年多，第一次洗澡！这猫掉色哈哈哈哈哈,"烘干箱,洗澡,猫咪,萌萌哒,动物圈达人创作营,铲屎官,宠物,我的冤种铲屎官,小猫咪,萌",C,,A,A,A,A,A 假阳性（非硬件主体被判成 A）,
随机(度量用),164,当家里买了猫咪喂食器,"猫咪,喵星人,宠物吃播,自动喂食器,小猫",C,,A,A,A,A,A 假阳性（非硬件主体被判成 A）,
主动(改进用),7,不铲屎也不臭的猫砂盆怎么做到的？全是科技与狠活！,"喵星人,动物观察局,改造,猫,银渐层,动物观察局·小动物治愈馆,英短,可爱",C,B,A,A,A,C,A 假阳性（非硬件主体被判成 A）,是
主动(改进用),12,肥猫专用，自制猫砂盆；收纳箱自制封闭式猫砂盆；便宜的猫砂盆#省钱#养猫#生活小妙招,"打卡挑战,萌萌哒,养宠生活图鉴,必剪创作,动物观察局·夏日新知手册,自制,手工制作,猫咪,喵星人,吸猫,铲屎官",B,B,A,A,A,C,A 假阳性（非硬件主体被判成 A）,
主动(改进用),49,猫好养，屎真不好弄？物理除臭省电无异味，出差10天都不会臭？,"科技,铲屎,宠物,发明,猫砂盆",C,B,A,A,A,B,A 假阳性（非硬件主体被判成 A）,是
主动(改进用),73,养猫“智商税”产品第四期：蔓越莓｜真的能呵护泌尿道吗？,"宠物泌尿道产品,养宠健康,宠物蔓越莓,养猫健康,猫咪泌尿道,养猫智商税,宠物医生",C,C,B,C,B,C,B 假阳性（C 被判成耗材/非智能用品）,
主动(改进用),83,猫肾结石（尿路结石中的一种）：草酸钙结石、鸟粪石，为什么肾结石不能吃泌尿道处方粮？,"喵星人,磷酸铵镁结晶,猫咪,泌尿道处方粮,草酸钙结石,喵哩汪哩喂它“恰饭”,猫尿路结石,猫肾结石,鸟粪石",C,C,B,C,B,C,B 假阳性（C 被判成耗材/非智能用品）,
主动(改进用),85,肾猫吃饭难题解决！益顿处方猫饭 0.36% 低磷减轻肾脏负担,"喵星人,老年猫饭,益顿泌尿处方猫饭,益顿肾脏处方猫饭,肾衰猫咪,益顿猫饭,益顿湿粮,益顿,养猫,猫饭",C,C,B,C,B,C,B 假阳性（C 被判成耗材/非智能用品）,
主动(改进用),86,猫咪尿闭饮食要注意，教你选对泌尿处方粮,"尿闭,喵星人,养猫,处方粮,公猫,猫咪,科普,澳龙",C,C,B,C,B,C,B 假阳性（C 被判成耗材/非智能用品）,
